{
    "vermelho": {
        "raw": {
            "r": 136.45,
            "g": 105.7,
            "b": 98.75,
            "c": 351.45
        },
        "norm": {
            "rn": 0.4002640070401877,
            "gn": 0.3100616016427105,
            "bn": 0.2896743913171018
        }
    },
    "verde": {
        "raw": {
            "r": 163.35,
            "g": 413.65,
            "b": 229.4,
            "c": 841.4
        },
        "norm": {
            "rn": 0.20256696428571427,
            "gn": 0.5129588293650793,
            "bn": 0.28447420634920634
        }
    },
    "azul": {
        "raw": {
            "r": 130.4,
            "g": 281.45,
            "b": 521.8,
            "c": 961.5
        },
        "norm": {
            "rn": 0.13966689873078778,
            "gn": 0.30145129331119797,
            "bn": 0.5588818079580142
        }
    },
    "amarelo": {
        "raw": {
            "r": 886.2,
            "g": 688.7,
            "b": 346.4,
            "c": 1942.45
        },
        "norm": {
            "rn": 0.4612501951803466,
            "gn": 0.3584552126164576,
            "bn": 0.1802945922031957
        }
    },
    "branco": {
        "raw": {
            "r": 1014.15,
            "g": 1219.5,
            "b": 1163.15,
            "c": 3435.65
        },
        "norm": {
            "rn": 0.2985604097974564,
            "gn": 0.35901436646255297,
            "bn": 0.34242522373999057
        }
    },
    "preto": {
        "raw": {
            "r": 108.65,
            "g": 179.7,
            "b": 165.4,
            "c": 480.7
        },
        "norm": {
            "rn": 0.23944903581267218,
            "gn": 0.39603305785123966,
            "bn": 0.36451790633608816
        }
    },
    "laranja": {
        "raw": {
            "r": 719.75,
            "g": 293.7,
            "b": 238.15,
            "c": 1264.9
        },
        "norm": {
            "rn": 0.5750639181847235,
            "gn": 0.23465963566634704,
            "bn": 0.19027644614892936
        }
    }
}